,Supplier_Lead_Time,Inventory_Levels,Order_Frequency,Delivery_Performance,Cost_Per_Unit
Supplier_Lead_Time,1.0,0.2848034244627434,-0.9141429818405954,-0.9008161799074017,0.9580892687536887
Inventory_Levels,0.2848034244627434,1.0,-0.19704738551199905,-0.31558956063857985,0.2836293281519052
Order_Frequency,-0.9141429818405954,-0.19704738551199905,1.0,0.7936063206797286,-0.8836966490497548
Delivery_Performance,-0.9008161799074017,-0.31558956063857985,0.7936063206797286,1.0,-0.9010683431592009
Cost_Per_Unit,0.9580892687536887,0.2836293281519052,-0.8836966490497548,-0.9010683431592009,1.0
